{
  "version": "1.0.14",
  "n_files": 594,
  "n_parse_failed": 0,
  "n_classes": 510,
  "n_interfaces": 106,
  "properties": {
    "DesignSize": 510,
    "Hierarchies": 30,
    "Abstraction": 1.031372549019608,
    "Encapsulation": 0.8579554112554113,
    "Coupling": 2.0509803921568626,
    "Cohesion": 0.2513266811279826,
    "Composition": 0.5392156862745098,
    "Inheritance": 0.36964843137254905,
    "Polymorphism": 2.1862745098039214,
    "Messaging": 12.494117647058824,
    "Complexity": 14.147058823529411
  },
  "raw_means": {
    "WMC": 37.72156862745098,
    "CBO": 4.8843137254901965,
    "RFC": 36.0078431372549,
    "LCOM": 265.15098039215684,
    "DIT": 2.0313725490196077,
    "NOC": 0.5529411764705883,
    "NOM": 14.147058823529411,
    "NOA": 5.578431372549019,
    "MPC": 11.174509803921568,
    "DAC": 0.5392156862745098
  },
  "failed_files": []
}