{
  "version": "1.5.5",
  "n_files": 652,
  "n_parse_failed": 0,
  "n_classes": 564,
  "n_interfaces": 111,
  "properties": {
    "DesignSize": 564,
    "Hierarchies": 31,
    "Abstraction": 0.9166666666666666,
    "Encapsulation": 0.8395230769230769,
    "Coupling": 2.1914893617021276,
    "Cohesion": 0.2525883858267716,
    "Composition": 0.8067375886524822,
    "Inheritance": 0.33860833333333334,
    "Polymorphism": 2.3297872340425534,
    "Messaging": 11.76950354609929,
    "Complexity": 13.407801418439716
  },
  "raw_means": {
    "WMC": 34.9113475177305,
    "CBO": 6.129432624113475,
    "RFC": 34.927304964539005,
    "LCOM": 232.6258865248227,
    "DIT": 1.9166666666666667,
    "NOC": 0.5070921985815603,
    "NOM": 13.407801418439716,
    "NOA": 5.205673758865248,
    "MPC": 14.113475177304965,
    "DAC": 0.8067375886524822
  },
  "failed_files": []
}