{
  "version": "1.5.4",
  "n_files": 651,
  "n_parse_failed": 0,
  "n_classes": 561,
  "n_interfaces": 111,
  "properties": {
    "DesignSize": 561,
    "Hierarchies": 31,
    "Abstraction": 0.9162210338680927,
    "Encapsulation": 0.8409032520325204,
    "Coupling": 2.1907308377896615,
    "Cohesion": 0.25289092702169624,
    "Composition": 0.8110516934046346,
    "Inheritance": 0.33876292335115865,
    "Polymorphism": 2.336898395721925,
    "Messaging": 11.814616755793226,
    "Complexity": 13.44741532976827
  },
  "raw_means": {
    "WMC": 35.01960784313726,
    "CBO": 6.142602495543672,
    "RFC": 35.012477718360074,
    "LCOM": 233.6898395721925,
    "DIT": 1.9162210338680927,
    "NOC": 0.5080213903743316,
    "NOM": 13.44741532976827,
    "NOA": 5.222816399286987,
    "MPC": 14.06951871657754,
    "DAC": 0.8110516934046346
  },
  "failed_files": []
}