{
  "version": "1.0.9",
  "n_files": 538,
  "n_parse_failed": 0,
  "n_classes": 468,
  "n_interfaces": 91,
  "properties": {
    "DesignSize": 468,
    "Hierarchies": 29,
    "Abstraction": 1.0363247863247864,
    "Encapsulation": 0.8576169811320754,
    "Coupling": 1.9807692307692308,
    "Cohesion": 0.26121800947867296,
    "Composition": 0.5128205128205128,
    "Inheritance": 0.3727726495726496,
    "Polymorphism": 2.0576923076923075,
    "Messaging": 11.846153846153847,
    "Complexity": 13.333333333333334
  },
  "raw_means": {
    "WMC": 35.17307692307692,
    "CBO": 4.75,
    "RFC": 34.25213675213675,
    "LCOM": 209.35042735042734,
    "DIT": 2.036324786324786,
    "NOC": 0.5555555555555556,
    "NOM": 13.333333333333334,
    "NOA": 5.4252136752136755,
    "MPC": 10.275641025641026,
    "DAC": 0.5128205128205128
  },
  "failed_files": []
}