{
  "version": "1.5.6",
  "n_files": 652,
  "n_parse_failed": 0,
  "n_classes": 564,
  "n_interfaces": 111,
  "properties": {
    "DesignSize": 564,
    "Hierarchies": 31,
    "Abstraction": 0.9166666666666666,
    "Encapsulation": 0.8395230769230769,
    "Coupling": 2.1950354609929077,
    "Cohesion": 0.25253326771653545,
    "Composition": 0.8120567375886525,
    "Inheritance": 0.33895886524822694,
    "Polymorphism": 2.3297872340425534,
    "Messaging": 11.797872340425531,
    "Complexity": 13.436170212765957
  },
  "raw_means": {
    "WMC": 35.026595744680854,
    "CBO": 6.127659574468085,
    "RFC": 34.955673758865245,
    "LCOM": 236.34929078014184,
    "DIT": 1.9166666666666667,
    "NOC": 0.5070921985815603,
    "NOM": 13.436170212765957,
    "NOA": 5.207446808510638,
    "MPC": 14.163120567375886,
    "DAC": 0.8120567375886525
  },
  "failed_files": []
}