{
  "version": "1.0.16",
  "n_files": 600,
  "n_parse_failed": 0,
  "n_classes": 516,
  "n_interfaces": 106,
  "properties": {
    "DesignSize": 516,
    "Hierarchies": 31,
    "Abstraction": 1.0310077519379846,
    "Encapsulation": 0.8582319057815846,
    "Coupling": 2.050387596899225,
    "Cohesion": 0.2506640256959315,
    "Composition": 0.5368217054263565,
    "Inheritance": 0.3697910852713178,
    "Polymorphism": 2.2093023255813953,
    "Messaging": 12.492248062015504,
    "Complexity": 14.213178294573643
  },
  "raw_means": {
    "WMC": 36.31201550387597,
    "CBO": 5.265503875968992,
    "RFC": 36.74418604651163,
    "LCOM": 268.3856589147287,
    "DIT": 2.0310077519379846,
    "NOC": 0.5523255813953488,
    "NOM": 14.213178294573643,
    "NOA": 5.563953488372093,
    "MPC": 12.928294573643411,
    "DAC": 0.5368217054263565
  },
  "failed_files": []
}