{
  "version": "1.0.19",
  "n_files": 626,
  "n_parse_failed": 0,
  "n_classes": 542,
  "n_interfaces": 108,
  "properties": {
    "DesignSize": 542,
    "Hierarchies": 32,
    "Abstraction": 0.996309963099631,
    "Encapsulation": 0.8567821576763486,
    "Coupling": 2.0313653136531364,
    "Cohesion": 0.2550332648870637,
    "Composition": 0.5830258302583026,
    "Inheritance": 0.36457084870848705,
    "Polymorphism": 2.1476014760147604,
    "Messaging": 12.29889298892989,
    "Complexity": 14.027675276752767
  },
  "raw_means": {
    "WMC": 35.71771217712177,
    "CBO": 5.2380073800738005,
    "RFC": 36.58487084870849,
    "LCOM": 266.4594095940959,
    "DIT": 1.996309963099631,
    "NOC": 0.5387453874538746,
    "NOM": 14.027675276752767,
    "NOA": 5.4335793357933575,
    "MPC": 12.915129151291513,
    "DAC": 0.5830258302583026
  },
  "failed_files": []
}