{
  "version": "1.5.0",
  "n_files": 636,
  "n_parse_failed": 0,
  "n_classes": 546,
  "n_interfaces": 109,
  "properties": {
    "DesignSize": 546,
    "Hierarchies": 31,
    "Abstraction": 0.9084249084249084,
    "Encapsulation": 0.8429239583333333,
    "Coupling": 2.1776556776556775,
    "Cohesion": 0.2554030425963489,
    "Composition": 0.7802197802197802,
    "Inheritance": 0.33624358974358975,
    "Polymorphism": 2.087912087912088,
    "Messaging": 11.64102564102564,
    "Complexity": 13.274725274725276
  },
  "raw_means": {
    "WMC": 34.73809523809524,
    "CBO": 6.28021978021978,
    "RFC": 34.586080586080584,
    "LCOM": 233.1080586080586,
    "DIT": 1.9084249084249085,
    "NOC": 0.5054945054945055,
    "NOM": 13.274725274725276,
    "NOA": 5.247252747252747,
    "MPC": 14.595238095238095,
    "DAC": 0.7802197802197802
  },
  "failed_files": []
}