{
  "version": "1.5.2",
  "n_files": 637,
  "n_parse_failed": 0,
  "n_classes": 547,
  "n_interfaces": 109,
  "properties": {
    "DesignSize": 547,
    "Hierarchies": 31,
    "Abstraction": 0.9140767824497258,
    "Encapsulation": 0.8415010373443983,
    "Coupling": 2.1846435100548445,
    "Cohesion": 0.2548153846153846,
    "Composition": 0.7806215722120659,
    "Inheritance": 0.33766160877513707,
    "Polymorphism": 2.0895795246800732,
    "Messaging": 11.648994515539306,
    "Complexity": 13.285191956124315
  },
  "raw_means": {
    "WMC": 34.83729433272395,
    "CBO": 6.292504570383913,
    "RFC": 34.6636197440585,
    "LCOM": 232.86471663619744,
    "DIT": 1.9140767824497258,
    "NOC": 0.506398537477148,
    "NOM": 13.285191956124315,
    "NOA": 5.246800731261426,
    "MPC": 14.645338208409507,
    "DAC": 0.7806215722120659
  },
  "failed_files": []
}