{
  "version": "1.0.13",
  "n_files": 585,
  "n_parse_failed": 0,
  "n_classes": 504,
  "n_interfaces": 103,
  "properties": {
    "DesignSize": 504,
    "Hierarchies": 31,
    "Abstraction": 1.0119047619047619,
    "Encapsulation": 0.8567614537444934,
    "Coupling": 2.0357142857142856,
    "Cohesion": 0.2557405701754386,
    "Composition": 0.5317460317460317,
    "Inheritance": 0.36615099206349205,
    "Polymorphism": 2.134920634920635,
    "Messaging": 12.341269841269842,
    "Complexity": 13.948412698412698
  },
  "raw_means": {
    "WMC": 37.16468253968254,
    "CBO": 4.847222222222222,
    "RFC": 35.61507936507937,
    "LCOM": 253.5376984126984,
    "DIT": 2.011904761904762,
    "NOC": 0.5515873015873016,
    "NOM": 13.948412698412698,
    "NOA": 5.527777777777778,
    "MPC": 11.023809523809524,
    "DAC": 0.5317460317460317
  },
  "failed_files": []
}