{
  "version": "1.0.6",
  "n_files": 514,
  "n_parse_failed": 0,
  "n_classes": 446,
  "n_interfaces": 86,
  "properties": {
    "DesignSize": 446,
    "Hierarchies": 28,
    "Abstraction": 1.0358744394618835,
    "Encapsulation": 0.8707853598014887,
    "Coupling": 1.9887892376681615,
    "Cohesion": 0.27104649999999997,
    "Composition": 0.5224215246636771,
    "Inheritance": 0.37448340807174885,
    "Polymorphism": 1.9551569506726458,
    "Messaging": 11.417040358744394,
    "Complexity": 12.867713004484305
  },
  "raw_means": {
    "WMC": 34.26457399103139,
    "CBO": 4.7959641255605385,
    "RFC": 33.417040358744394,
    "LCOM": 200.19955156950672,
    "DIT": 2.0358744394618835,
    "NOC": 0.5448430493273543,
    "NOM": 12.867713004484305,
    "NOA": 5.302690582959642,
    "MPC": 10.159192825112108,
    "DAC": 0.5224215246636771
  },
  "failed_files": []
}