{
  "version": "1.0.11",
  "n_files": 559,
  "n_parse_failed": 0,
  "n_classes": 486,
  "n_interfaces": 94,
  "properties": {
    "DesignSize": 486,
    "Hierarchies": 30,
    "Abstraction": 1.02880658436214,
    "Encapsulation": 0.8566881548974943,
    "Coupling": 2.051440329218107,
    "Cohesion": 0.25480615034168563,
    "Composition": 0.5329218106995884,
    "Inheritance": 0.3702195473251029,
    "Polymorphism": 2.111111111111111,
    "Messaging": 12.248971193415638,
    "Complexity": 13.814814814814815
  },
  "raw_means": {
    "WMC": 36.275720164609055,
    "CBO": 4.829218106995885,
    "RFC": 35.28395061728395,
    "LCOM": 234.559670781893,
    "DIT": 2.02880658436214,
    "NOC": 0.5555555555555556,
    "NOM": 13.814814814814815,
    "NOA": 5.48559670781893,
    "MPC": 10.695473251028806,
    "DAC": 0.5329218106995884
  },
  "failed_files": []
}